"","V1"
"1","Aaron"
"2","Abaddon"
"3","Abagtha"
"4","Abana"
"5","Abarim"
"6","Abba"
"7","Abda"
"8","Abdeel"
"9","Abdi"
"10","Abdiel"
"11","Abdon"
"12","Abednego"
"13","Abel"
"14","Abez"
"15","Abia"
"16","Abib"
"17","Abidan"
"18","Abieezer"
"19","Abiel"
"20","Abigail"
"21","Abilene"
"22","Abimelech"
"23","Abner"
"24","Abraham"
"25","Abram"
"26","Absalom"
"27","Achan"
"28","Acre"
"29","Adah"
"30","Adam"
"31","Adar"
"32","Addar"
"33","Adder"
"34","Addi"
"35","Addon"
"36","Adiel"
"37","Adin"
"38","Adina"
"39","Adino"
"40","Admah"
"41","Adonijah"
"42","Adoram"
"43","Adore"
"44","Adria"
"45","Adriel"
"46","Advocate"
"47","Affection"
"48","Agabus"
"49","Agate"
"50","Agrippa"
"51","Ahab"
"52","Ahaz"
"53","Aholah"
"54","Air"
"55","Alabaster"
"56","Alarm"
"57","Alexander"
"58","Alleluia"
"59","Alliance"
"60","Allon"
"61","Almon"
"62","Almond"
"63","Almug"
"64","Aloes"
"65","Alphaeus"
"66","Altar"
"67","Altaschith"
"68","Alush"
"69","Amalek"
"70","Amalekite"
"71","Amana"
"72","Amariah"
"73","Amasa"
"74","Amaziah"
"75","Amber"
"76","Amen"
"77","Amethyst"
"78","Ammon"
"79","Amnon"
"80","Amon"
"81","Amos"
"82","Amoz"
"83","Amphipolis"
"84","Amplias"
"85","Amram"
"86","Anab"
"87","Anah"
"88","Anak"
"89","Anan"
"90","Ananiah"
"91","Ananias"
"92","Anath"
"93","Anathoth"
"94","Anchor"
"95","Andrew"
"96","Andronicus"
"97","Anem"
"98","Aner"
"99","Angel"
"100","Anger"
"101","Anise"
"102","Anna"
"103","Annas"
"104","Anoint"
"105","Antiochus"
"106","Antipas"
"107","Antonia"
"108","Anvil"
"109","Apollos"
"110","Apollyon"
"111","Apphia"
"112","Apple"
"113","Aquila"
"114","Arabah"
"115","Arabia"
"116","Arad"
"117","Aram"
"118","Aran"
"119","Ararat"
"120","Arba"
"121","Arch"
"122","Archangel"
"123","Archelaus"
"124","Archer"
"125","Archippus"
"126","Archite"
"127","Arcturus"
"128","Ardon"
"129","Areopagus"
"130","Aretas"
"131","Argob"
"132","Arieh"
"133","Ariel"
"134","Arm"
"135","Armageddon"
"136","Armenia"
"137","Armour"
"138","Army"
"139","Arnon"
"140","Arpad"
"141","Arrow"
"142","Arvad"
"143","Asa"
"144","Ash"
"145","Asher"
"146","Ashes"
"147","Asia"
"148","Assurance"
"149","Atad"
"150","Ater"
"151","Athens"
"152","Augustus"
"153","Ava"
"154","Awl"
"155","Axe"
"156","Azal"
"157","Azariah"
"158","Azazel"
"159","Azel"
"160","Azur and Azzur"
"161","Baalah"
"162","Baalath"
"163","Baana"
"164","Baanah"
"165","Baasha"
"166","Babe"
"167","Babylon"
"168","Badger"
"169","Baladan"
"170","Balah"
"171","Balak"
"172","Balance"
"173","Balm"
"174","Bamah"
"175","Bamoth"
"176","Bani"
"177","Banner"
"178","Bar"
"179","Barabbas"
"180","Barak"
"181","Barefoot"
"182","Bariah"
"183","Barkos"
"184","Barley"
"185","Barn"
"186","Barnabas"
"187","Barrel"
"188","Barsabas"
"189","Bartholomew"
"190","Bartimaeus"
"191","Baruch"
"192","Bashan"
"193","Bashemath"
"194","Basin"
"195","Basket"
"196","Bath"
"197","Baths"
"198","Bath-sheba"
"199","Bay"
"200","Bdellium"
"201","Beacon"
"202","Bealiah"
"203","Bealoth"
"204","Beam"
"205","Bear"
"206","Beard"
"207","Beast"
"208","Beaten gold"
"209","Becher"
"210","Bedan"
"211","Bedstead"
"212","Bee"
"213","Beer"
"214","Beeri"
"215","Beeroth"
"216","Beersheba"
"217","Beetle"
"218","Beeves"
"219","Behemoth"
"220","Bekah"
"221","Bel"
"222","Bela"
"223","Belial"
"224","Bell"
"225","Bellows"
"226","Belshazzar"
"227","Belteshazzar"
"228","Benaiah"
"229","Bench"
"230","Benjamin"
"231","Beor"
"232","Bera"
"233","Berachah"
"234","Berea"
"235","Berechiah"
"236","Bered"
"237","Beriah"
"238","Bernice"
"239","Berodach-baladan"
"240","Beryl"
"241","Besom"
"242","Besor"
"243","Bestead"
"244","Beth"
"245","Bethabara"
"246","Bethany"
"247","Bethel"
"248","Bether"
"249","Bethesda"
"250","Bethlehem"
"251","Bethsaida"
"252","Bethuel"
"253","Bethzur"
"254","Betroth"
"255","Beulah"
"256","Bewray"
"257","Beyond"
"258","Bezaleel"
"259","Bezek"
"260","Bezer"
"261","Bier"
"262","Bigtha"
"263","Bigthan"
"264","Bildad"
"265","Bilgah"
"266","Bilshan"
"267","Bird"
"268","Birsha"
"269","Bishop"
"270","Bitter"
"271","Black"
"272","Blade"
"273","Blains"
"274","Bless"
"275","Blue"
"276","Boaz"
"277","Bochim"
"278","Bond"
"279","Bonnet"
"280","Bow"
"281","Bozrah"
"282","Branch"
"283","Brass"
"284","Bravery"
"285","Breach"
"286","Bread"
"287","Brick"
"288","Bride"
"289","Bridle"
"290","Brier"
"291","Brook"
"292","Brother"
"293","Bruit"
"294","Bunch"
"295","Butter"
"296","Buz"
"297","Buzi"
"298","By"
"299","Cab"
"300","Cabins"
"301","Cabul"
"302","Caesar"
"303","Caesara Philippi"
"304","Caesarea"
"305","Cage"
"306","Caiaphas"
"307","Cain"
"308","Cake"
"309","Calah"
"310","Calamus"
"311","Calcol"
"312","Caleb"
"313","Calf"
"314","Calkers"
"315","Call"
"316","Calling"
"317","Calneh"
"318","Calvary"
"319","Camel"
"320","Camon"
"321","Camp"
"322","Camphire"
"323","Cana"
"324","Canaan"
"325","Candace"
"326","Candle"
"327","Candlestick"
"328","Cane"
"329","Canker"
"330","Canneh"
"331","Capernaum"
"332","Captain"
"333","Carpenter"
"334","Carriage"
"335","Cart"
"336","Carve"
"337","Casement"
"338","Casiphia"
"339","Casluhim"
"340","Cassia"
"341","Castaway"
"342","Castle"
"343","Castor and Pollux"
"344","Caul"
"345","Cauls"
"346","Causeway"
"347","Cave"
"348","Cesarea"
"349","Chaff"
"350","Chalcedony"
"351","Chaldees"
"352","Chamber"
"353","Chambering"
"354","Chamberlain"
"355","Chamois"
"356","Champion"
"357","Chance"
"358","Chancellor"
"359","Channel"
"360","Chapel"
"361","Charger"
"362","Chariot"
"363","Charity"
"364","Charmer"
"365","Charran"
"366","Chebar"
"367","Chemarim"
"368","Chemosh"
"369","Chenaanah"
"370","Chenaiah"
"371","Chephirah"
"372","Cherethim"
"373","Cherith"
"374","Cherub"
"375","Chesalon"
"376","Chesed"
"377","Chesil"
"378","Chest"
"379","Chesulloth"
"380","Chezib"
"381","Chidon"
"382","Chileab"
"383","Chilion"
"384","Chilmad"
"385","Chimham"
"386","Chinnereth"
"387","Chios"
"388","Chisleu"
"389","Chittim"
"390","Chiun"
"391","Chloe"
"392","Chorazin"
"393","Chosen"
"394","Chozeba"
"395","Christ"
"396","Chub"
"397","Chun"
"398","Church"
"399","Cilicia"
"400","Cinnamon"
"401","Cinnereth"
"402","Circuit"
"403","Clauda"
"404","Claudia"
"405","Claudius"
"406","Clay"
"407","Clean"
"408","Clement"
"409","Cleopas"
"410","Cleophas"
"411","Cloak"
"412","Closet"
"413","Cloud"
"414","College"
"415","Colony"
"416","Colossae"
"417","Colour"
"418","Comforter"
"419","Communion"
"420","Conaniah"
"421","Concision"
"422","Coney"
"423","Confection"
"424","Confession"
"425","Congregation"
"426","Constellation"
"427","Contentment"
"428","Cook"
"429","Coos"
"430","Copper"
"431","Cor"
"432","Coral"
"433","Corban"
"434","Cord"
"435","Coriander"
"436","Corinth"
"437","Cormorant"
"438","Corn"
"439","Cornelius"
"440","Cornet"
"441","Cotes"
"442","Coulter"
"443","Council"
"444","Counsellor"
"445","Courses"
"446","Court"
"447","Covenant"
"448","Crane"
"449","Crete"
"450","Crimson"
"451","Crispus"
"452","Cross"
"453","Crown"
"454","Cruse"
"455","Crystal"
"456","Cucumbers"
"457","Cummin"
"458","Cup"
"459","Curse"
"460","Curtain"
"461","Cush"
"462","Cushan"
"463","Custom"
"464","Cutting"
"465","Cymbals"
"466","Cypress"
"467","Cyprus"
"468","Cyrene"
"469","Cyrenius"
"470","Cyrus"
"471","Daberath"
"472","Daemon"
"473","Dagon"
"474","Dalmatia"
"475","Damaris"
"476","Damascus"
"477","Dan"
"478","Dance"
"479","Daniel"
"480","Dannah"
"481","Darda"
"482","Daric"
"483","Darius"
"484","Darkness"
"485","Darling"
"486","Dart"
"487","Date"
"488","Dathan"
"489","Daughter"
"490","David"
"491","Day"
"492","Daysman"
"493","Dayspring"
"494","Daystar"
"495","Deacon"
"496","Debir"
"497","Deborah"
"498","Dedan"
"499","Delaiah"
"500","Delilah"
"501","Deluge"
"502","Demas"
"503","Demetrius"
"504","Den"
"505","Derbe"
"506","Devil"
"507","Dew"
"508","Diadem"
"509","Dial"
"510","Diamond"
"511","Diana"
"512","Didymus"
"513","Dimnah"
"514","Dinah"
"515","Dine"
"516","Dionysius"
"517","Dish"
"518","Dishan"
"519","Divination"
"520","Dizahab"
"521","Doctor"
"522","Dodo"
"523","Doeg"
"524","Doors"
"525","Dor"
"526","Dorcas"
"527","Dothan"
"528","Dough"
"529","Dream"
"530","Dress"
"531","Dromedary"
"532","Drusilla"
"533","Duke"
"534","Dulcimer"
"535","Dumah"
"536","Dura"
"537","Dwell"
"538","Dwellings"
"539","Dye"
"540","Eagle"
"541","Earnest"
"542","Earth"
"543","East"
"544","Ebal"
"545","Eben-ezer"
"546","Eber"
"547","Ebony"
"548","Ed"
"549","Edar"
"550","Eden"
"551","Eder"
"552","Edom"
"553","Eglon"
"554","Egypt"
"555","Ehud"
"556","Ekron"
"557","Elah"
"558","Elam"
"559","Elasah"
"560","Elath"
"561","Eldad"
"562","Elder"
"563","Eleazar"
"564","Eli"
"565","Eliam"
"566","Elias"
"567","Eliel"
"568","Eliezer"
"569","Elihu"
"570","Elijah"
"571","Elim"
"572","Elimelech"
"573","Elisabeth"
"574","Elisha"
"575","Elishua"
"576","Ellasar"
"577","Elm"
"578","Elon"
"579","Elul"
"580","Elymas"
"581","Embroider"
"582","Emerald"
"583","Emmanuel"
"584","Emmaus"
"585","Emmor"
"586","Enoch"
"587","Enos"
"588","Ensign"
"589","Ephesus"
"590","Ephod"
"591","Ephraim"
"592","Ephron"
"593","Erastus"
"594","Esau"
"595","Esdraelon"
"596","Esek"
"597","Espouse"
"598","Essenes"
"599","Esther"
"600","Etam"
"601","Etham"
"602","Ethan"
"603","Ethanim"
"604","Ethiopia"
"605","Eunice"
"606","Euodias"
"607","Euphrates"
"608","Eutychus"
"609","Evangelist"
"610","Eve"
"611","Evening"
"612","Everlasting"
"613","Example"
"614","Exile"
"615","Exodus"
"616","Exorcist"
"617","Eye"
"618","Ezekiel"
"619","Ezel"
"620","Ezer"
"621","Ezra"
"622","Ezrahite"
"623","Ezri"
"624","Faith"
"625","Faithful"
"626","Fan"
"627","Fast"
"628","Father"
"629","Fathom"
"630","Felix"
"631","Fence"
"632","Ferret"
"633","Festus"
"634","Finer"
"635","Fir"
"636","Fire"
"637","Firmament"
"638","Fisher"
"639","Flag"
"640","Flagon"
"641","Flax"
"642","Fleece"
"643","Flint"
"644","Flowers"
"645","Flute"
"646","Ford"
"647","Forerunner"
"648","Forest"
"649","Fortunatus"
"650","Fowler"
"651","Fox"
"652","Freedom"
"653","Frost"
"654","Fuller"
"655","Fulness"
"656","Funeral"
"657","Furlong"
"658","Furnace"
"659","Furrow"
"660","Fury"
"661","Gaal"
"662","Gaash"
"663","Gabbatha"
"664","Gabriel"
"665","Gad"
"666","Gadara"
"667","Gadarenes"
"668","Gaddi"
"669","Gaddiel"
"670","Gahar"
"671","Gaius"
"672","Galeed"
"673","Galilean"
"674","Galilee"
"675","Gall"
"676","Gallery"
"677","Gallim"
"678","Gallio"
"679","Gallows"
"680","Gamaliel"
"681","Games"
"682","Gammadim"
"683","Gamul"
"684","Gap"
"685","Gardens"
"686","Gareb"
"687","Garlands"
"688","Garlic"
"689","Garner"
"690","Garnish"
"691","Garrison"
"692","Gate"
"693","Gath"
"694","Gemariah"
"695","Genesis"
"696","Gera"
"697","Gerah"
"698","Gerar"
"699","Gergesa"
"700","Gerizim"
"701","Gershom"
"702","Gershon"
"703","Geshem"
"704","Geshur"
"705","Gethsemane"
"706","Gezer"
"707","Ghost"
"708","Giants"
"709","Gibeon"
"710","Gideon"
"711","Gift"
"712","Gihon"
"713","Gilboa"
"714","Gilead"
"715","Gilgal"
"716","Giloh"
"717","Gimzo"
"718","Gin"
"719","Glass"
"720","Glean"
"721","Glede"
"722","Glorify"
"723","Glory"
"724","Gob"
"725","God"
"726","Golan"
"727","Gold"
"728","Goldsmith"
"729","Goliath"
"730","Gomer"
"731","Goodness"
"732","Gopher"
"733","Goshen"
"734","Gospel"
"735","Grace"
"736","Greyhound"
"737","Grove"
"738","Habakkuk"
"739","Habergeon"
"740","Habitation"
"741","Habor"
"742","Hachilah"
"743","Hadad"
"744","Hadadezer"
"745","Hadar"
"746","Hadarezer"
"747","Hadashah"
"748","Hadassah"
"749","Hadattah"
"750","Hagar"
"751","Haggai"
"752","Hail"
"753","Hair"
"754","Hakkoz"
"755","Halah"
"756","Halak"
"757","Hall"
"758","Hallel"
"759","Hallelujah"
"760","Hallow"
"761","Halt"
"762","Ham"
"763","Haman"
"764","Hamath"
"765","Hammer"
"766","Hammon"
"767","Hamon"
"768","Hamor"
"769","Hanes"
"770","Hannah"
"771","Hanun"
"772","Hara"
"773","Haradah"
"774","Haran"
"775","Harbona"
"776","Hare"
"777","Hareth"
"778","Harhaiah"
"779","Harhur"
"780","Harim"
"781","Hariph"
"782","Harlot"
"783","Harness"
"784","Harod"
"785","Harp"
"786","Harrow"
"787","Harsha"
"788","Hart"
"789","Harum"
"790","Haruz"
"791","Harvest"
"792","Hatipha"
"793","Hauran"
"794","Haven"
"795","Hawk"
"796","Hay"
"797","Hazel"
"798","Hazeroth"
"799","Hazo"
"800","Hazor"
"801","Heap"
"802","Heart"
"803","Hearth"
"804","Heath"
"805","Heaven"
"806","Hebron"
"807","Hegai"
"808","Heifer"
"809","Heir"
"810","Helah"
"811","Helam"
"812","Helbah"
"813","Helbon"
"814","Heldai"
"815","Heleb"
"816","Heled"
"817","Helek"
"818","Helem"
"819","Heleph"
"820","Helez"
"821","Heli"
"822","Helkai"
"823","Helkath"
"824","Helmet"
"825","Helon"
"826","Helps"
"827","Hem"
"828","Heman"
"829","Hemath"
"830","Hemlock"
"831","Hena"
"832","Henadad"
"833","Herb"
"834","Heres"
"835","Hermas"
"836","Hermes"
"837","Hermogenes"
"838","Hermon"
"839","Herodias"
"840","Herod"
"841","Heron"
"842","Hezekiah"
"843","Hezion"
"844","Hezir"
"845","Hezro"
"846","Hezron"
"847","Hill"
"848","Hillel"
"849","Hind"
"850","Hinge"
"851","Hinnom"
"852","Hiram"
"853","Hold"
"854","Homer"
"855","Honey"
"856","Hope"
"857","Hor"
"858","Horeb"
"859","Horem"
"860","Horites"
"861","Hormah"
"862","Horn"
"863","Hornet"
"864","Horonite"
"865","Horse"
"866","Hosah"
"867","Hosanna"
"868","Hose"
"869","Hosea"
"870","Host"
"871","Hough"
"872","Hour"
"873","House"
"874","Hukkok"
"875","Hymn"
"876","Ice"
"877","Ichabod"
"878","Iconium"
"879","Idalah"
"880","Iddo"
"881","Igal"
"882","Iim"
"883","India"
"884","Inn"
"885","Inspiration"
"886","Intercession"
"887","Ira"
"888","Irad"
"889","Iron"
"890","Isaac"
"891","Isaiah"
"892","Israel"
"893","Italy"
"894","Ivah"
"895","Ivory"
"896","Izhar"
"897","Izrahite"
"898","Jaazer"
"899","Jabal"
"900","Jabbok"
"901","Jabesh"
"902","Jabin"
"903","Jabneel"
"904","Jabneh"
"905","Jachan"
"906","Jachin"
"907","Jacinth"
"908","Jacob"
"909","Jaddua"
"910","Jadon"
"911","Jairus"
"912","Jalon"
"913","James"
"914","Jannes"
"915","Janoah"
"916","Janum"
"917","Japheth"
"918","Japhia"
"919","Jashen"
"920","Jasher"
"921","Jason"
"922","Jasper"
"923","Javan"
"924","Javelin"
"925","Jearim"
"926","Jebus"
"927","Jehoram"
"928","Jehoshaphat"
"929","Jehovah"
"930","Jehozabad"
"931","Jehozadak"
"932","Jehu"
"933","Jehucal"
"934","Jehudi"
"935","Jeiel"
"936","Jemima"
"937","Jephthah"
"938","Jeremiah"
"939","Jeremiah, Book of"
"940","Jericho"
"941","Jeruel"
"942","Jerusalem"
"943","Jesher"
"944","Jeshua"
"945","Jesse"
"946","Jesus"
"947","Jethro"
"948","Jetur"
"949","Jezebel"
"950","Jeziel"
"951","Jezreel"
"952","Joanna"
"953","Joash"
"954","Job"
"955","Jobab"
"956","Joel"
"957","John"
"958","Jokim"
"959","Jonah"
"960","Jonas"
"961","Jonathan"
"962","Jordan"
"963","Joseph"
"964","Joshua"
"965","Josiah"
"966","Jotham"
"967","Jozabad"
"968","Jubilee"
"969","Juda"
"970","Judah"
"971","Judas"
"972","Jude"
"973","Judge"
"974","Judith"
"975","Julia"
"976","Julius"
"977","Junia"
"978","Juniper"
"979","Jupiter"
"980","Justice"
"981","Justus"
"982","Juttah"
"983","Kabzeel"
"984","Kadesh"
"985","Kadesh"
"986","Kadmiel"
"987","Kanah"
"988","Kareah"
"989","Karkaa"
"990","Karkor"
"991","Kartah"
"992","Kartan"
"993","Kattath"
"994","Kedar"
"995","Kedesh"
"996","Kedron"
"997","Keilah"
"998","Kelita"
"999","Kemuel"
"1000","Kenath"
"1001","Kenaz"
"1002","Kettle"
"1003","Keturah"
"1004","Key"
"1005","Kid"
"1006","Kidron"
"1007","King"
"1008","Kinsman"
"1009","Kir"
"1010","Kish"
"1011","Kishon"
"1012","Kite"
"1013","Knife"
"1014","Knock"
"1015","Koa"
"1016","Koz"
"1017","Laban"
"1018","Lachish"
"1019","Ladder"
"1020","Laish"
"1021","Lama"
"1022","Lamb"
"1023","Lamech"
"1024","Lamentation"
"1025","Lamp"
"1026","Landmark"
"1027","Laodicea"
"1028","Lapidoth"
"1029","Lapping"
"1030","Lapwing"
"1031","Lasaea"
"1032","Lasha"
"1033","Latchet"
"1034","Latin"
"1035","Laver"
"1036","Law"
"1037","Lawyer"
"1038","Lazarus"
"1039","Leaf"
"1040","League"
"1041","Leah"
"1042","Leannoth"
"1043","Leasing"
"1044","Leather"
"1045","Leaven"
"1046","Lebanon"
"1047","Lebonah"
"1048","Lees"
"1049","Legion"
"1050","Lehi"
"1051","Lemuel"
"1052","Leopard"
"1053","Letter"
"1054","Levi"
"1055","Leviathan"
"1056","Levy"
"1057","Libertine"
"1058","Libya"
"1059","Life"
"1060","Light"
"1061","Lily"
"1062","Lime"
"1063","Lintel"
"1064","Lion"
"1065","Lip"
"1066","Litter"
"1067","Lock"
"1068","Lodge"
"1069","Lois"
"1070","Loop"
"1071","Lord"
"1072","Lot"
"1073","Lotan"
"1074","Love"
"1075","Lucas"
"1076","Lucifer"
"1077","Lucius"
"1078","Lucre"
"1079","Lud"
"1080","Ludim"
"1081","Luhith"
"1082","Luke"
"1083","Luz"
"1084","Lycia"
"1085","Lydda"
"1086","Lydia"
"1087","Lysanias"
"1088","Lystra"
"1089","Maath"
"1090","Maaziah"
"1091","Maccabees"
"1092","Madon"
"1093","Magdala"
"1094","Magdalene"
"1095","Magic"
"1096","Magicians"
"1097","Magistrate"
"1098","Magog"
"1099","Mahalath"
"1100","Mahath"
"1101","Mahlah"
"1102","Mahlon"
"1103","Mahol"
"1104","Makheloth"
"1105","Makkedah"
"1106","Maktesh"
"1107","Malachi"
"1108","Malcam"
"1109","Malchus"
"1110","Mallows"
"1111","Malluch"
"1112","Mammon"
"1113","Mamre"
"1114","Manasseh"
"1115","Manger"
"1116","Manna"
"1117","Mantle"
"1118","Mara"
"1119","Maranatha"
"1120","Marble"
"1121","Marcus"
"1122","Mark"
"1123","Martha"
"1124","Mary"
"1125","Mash"
"1126","Mashal"
"1127","Mason"
"1128","Matthan"
"1129","Matthat"
"1130","Matthew"
"1131","Matthias"
"1132","Mattock"
"1133","Maul"
"1134","Meadow"
"1135","Meah"
"1136","Meals"
"1137","Mearah"
"1138","Measure"
"1139","Mekonah"
"1140","Melchi"
"1141","Melchizedek"
"1142","Melea"
"1143","Melech"
"1144","Melita"
"1145","Melzar"
"1146","Memphis"
"1147","Merab"
"1148","Mercurius"
"1149","Mercy"
"1150","Mered"
"1151","Meremoth"
"1152","Meroz"
"1153","Mesha"
"1154","Meshach"
"1155","Micah"
"1156","Micha"
"1157","Michael"
"1158","Michal"
"1159","Mildew"
"1160","Mile"
"1161","Mill"
"1162","Millet"
"1163","Millo"
"1164","Minni"
"1165","Minstrel"
"1166","Mint"
"1167","Miracle"
"1168","Miriam"
"1169","Misdeem"
"1170","Mishael"
"1171","Mishal"
"1172","Misham"
"1173","Misheal"
"1174","Mishma"
"1175","Moab"
"1176","Moloch"
"1177","Money"
"1178","Moon"
"1179","Mordecai"
"1180","Moreh"
"1181","Moriah"
"1182","Mortar"
"1183","Mosera"
"1184","Moseroth"
"1185","Moses"
"1186","Mote"
"1187","Moza"
"1188","Mozah"
"1189","Mulberry"
"1190","Music"
"1191","Mustard"
"1192","Myra"
"1193","Myrrh"
"1194","Myrtle"
"1195","Mysia"
"1196","Mystery"
"1197","Nahath"
"1198","Nahbi"
"1199","Nahor"
"1200","Nahshon"
"1201","Nahum"
"1202","Naomi"
"1203","Naphish"
"1204","Naphtali"
"1205","Napkin"
"1206","Narcissus"
"1207","Nathan"
"1208","Nathanael"
"1209","Neah"
"1210","Nebo"
"1211","Nebuchadnezzar"
"1212","Neck"
"1213","Necromancer"
"1214","Needle"
"1215","Nehemiah"
"1216","Nekeb"
"1217","Nemuel"
"1218","Nephilim"
"1219","Ner"
"1220","Nereus"
"1221","Nergal"
"1222","Nero"
"1223","Net"
"1224","Nethaneel"
"1225","Nethaniah"
"1226","Nethinim"
"1227","Netophah"
"1228","Nicodemus"
"1229","Nicolas"
"1230","Nimrah"
"1231","Nimrim"
"1232","Noadiah"
"1233","Noah"
"1234","Nod"
"1235","Nophah"
"1236","North"
"1237","Nun"
"1238","Nymphas"
"1239","Oak"
"1240","Oath"
"1241","Obadiah"
"1242","Oded"
"1243","Ohad"
"1244","Olive"
"1245","Olympas"
"1246","Omar"
"1247","Omega"
"1248","Omer"
"1249","Omri"
"1250","On"
"1251","Ophrah"
"1252","Oracle"
"1253","Oreb"
"1254","Oren"
"1255","Organ"
"1256","Orion"
"1257","Ornan"
"1258","Orpah"
"1259","Orphans"
"1260","Osprey"
"1261","Ostrich"
"1262","Ouches"
"1263","Oven"
"1264","Owl"
"1265","Ox"
"1266","Ozias"
"1267","Ozni"
"1268","Paarai"
"1269","Padan"
"1270","Padan-aram"
"1271","Pagiel"
"1272","Pahath-moab"
"1273","Paint"
"1274","Palace"
"1275","Palestine"
"1276","Pallu"
"1277","Palmer-worm"
"1278","Palm tree"
"1279","Palm trees, The city of"
"1280","Palsy"
"1281","Palti"
"1282","Paltiel"
"1283","Paltite"
"1284","Pamphylia"
"1285","Pan"
"1286","Pannag"
"1287","Paper"
"1288","Paphos"
"1289","Parable"
"1290","Paradise"
"1291","Parah"
"1292","Paran"
"1293","Paran, Mount"
"1294","Parbar"
"1295","Parched ground"
"1296","Parchment"
"1297","Pardon"
"1298","Parlour"
"1299","Parmashta"
"1300","Parmenas"
"1301","Parshandatha"
"1302","Parthians"
"1303","Partridge"
"1304","Paruah"
"1305","Parvaim"
"1306","Pasach"
"1307","Pas-dammim"
"1308","Pashur"
"1309","Passage"
"1310","Passion"
"1311","Passover"
"1312","Patara"
"1313","Pathros"
"1314","Patmos"
"1315","Patriarch"
"1316","Patrobas"
"1317","Pau"
"1318","Paul"
"1319","Pavement"
"1320","Pavilion"
"1321","Peace offerings"
"1322","Peacock"
"1323","Pearl"
"1324","Peculiar"
"1325","Pedahel"
"1326","Pedahzur"
"1327","Pedaiah"
"1328","Pekah"
"1329","Pekahiah"
"1330","Pekod"
"1331","Pelaiah"
"1332","Pelatiah"
"1333","Peleg"
"1334","Pelet"
"1335","Peleth"
"1336","Pelethites"
"1337","Pelicans"
"1338","Penny"
"1339","Pentateuch"
"1340","Pentecost"
"1341","Penuel"
"1342","Peor"
"1343","Perazim, Mount"
"1344","Peres"
"1345","Perez"
"1346","Perez-uzzah"
"1347","Perfection"
"1348","Perfumes"
"1349","Perga"
"1350","Pergamos"
"1351","Perida"
"1352","Perizzites"
"1353","Persecution"
"1354","Perseverance of the saints"
"1355","Persia"
"1356","Persis"
"1357","Peruda"
"1358","Peter"
"1359","Peter, First Epistle of"
"1360","Peter, Second Epistle of"
"1361","Pethahiah"
"1362","Pethor"
"1363","Pethuel"
"1364","Petra"
"1365","Peulthai"
"1366","Phalec"
"1367","Phallu"
"1368","Phalti"
"1369","Phanuel"
"1370","Pharaoh"
"1371","Pharez"
"1372","Pharpar"
"1373","Phebe"
"1374","Phenice"
"1375","Phenicia"
"1376","Phicol"
"1377","Philip"
"1378","Philistia"
"1379","Philistines"
"1380","Phinehas"
"1381","Phlegon"
"1382","Phoenicia"
"1383","Phrygia"
"1384","Phut"
"1385","Phygellus"
"1386","Physician"
"1387","Pieces"
"1388","Piety"
"1389","Pigeon"
"1390","Pilate, Pontius"
"1391","Pillar"
"1392","Pine tree"
"1393","Pinnacle"
"1394","Pipe"
"1395","Piram"
"1396","Pirathon"
"1397","Pirathonite"
"1398","Pisgah"
"1399","Pisidia"
"1400","Pison"
"1401","Pit"
"1402","Pitch"
"1403","Pitcher"
"1404","Plain"
"1405","Plain of Mamre"
"1406","Plane tree"
"1407","Pledge"
"1408","Pleiades"
"1409","Plough"
"1410","Poetry"
"1411","Poison"
"1412","Pomegranate"
"1413","Pommels"
"1414","Pontius Pilate"
"1415","Pontus"
"1416","Pool"
"1417","Poor"
"1418","Poplar"
"1419","Porter"
"1420","Post"
"1421","Potiphar"
"1422","Pottage"
"1423","Pottery"
"1424","Pound"
"1425","Praetorium"
"1426","Prayer"
"1427","Priest"
"1428","Prince"
"1429","Priscilla"
"1430","Prison"
"1431","Prophecy"
"1432","Prophet"
"1433","Proselyte"
"1434","Proverb"
"1435","Providence"
"1436","Psalms"
"1437","Psaltery"
"1438","Ptolemais"
"1439","Puah"
"1440","Pulpit"
"1441","Purse"
"1442","Quail"
"1443","Queen"
"1444","Quiver"
"1445","Raca"
"1446","Rachab"
"1447","Rachal"
"1448","Rachel"
"1449","Raguel"
"1450","Rahab"
"1451","Raham"
"1452","Rain"
"1453","Rainbow"
"1454","Rakkon"
"1455","Ram"
"1456","Rama"
"1457","Ramoth"
"1458","Ransom"
"1459","Rapha"
"1460","Raven"
"1461","Rebekah"
"1462","Rechab"
"1463","Reconcilation"
"1464","Redeemer"
"1465","Reed"
"1466","Refiner"
"1467","Rehob"
"1468","Rehoboam"
"1469","Rehoboth"
"1470","Rehum"
"1471","Rei"
"1472","Reins"
"1473","Rekem"
"1474","Remaliah"
"1475","Remeth"
"1476","Remphan"
"1477","Rent"
"1478","Rephael"
"1479","Rest"
"1480","Reuben"
"1481","Reuel"
"1482","Revelation"
"1483","Rezin"
"1484","Rezon"
"1485","Rhesa"
"1486","Rhoda"
"1487","Rhodes"
"1488","Riblah"
"1489","Riddle"
"1490","Righteousness"
"1491","Rimmon"
"1492","Ring"
"1493","Riphath"
"1494","Rissah"
"1495","Rithmah"
"1496","River"
"1497","Road"
"1498","Robbery"
"1499","Rock"
"1500","Roe"
"1501","Roll"
"1502","Rome"
"1503","Rose"
"1504","Rosh"
"1505","Rosin"
"1506","Ruby"
"1507","Rue"
"1508","Rufus"
"1509","Ruhamah"
"1510","Rumah"
"1511","Rush"
"1512","Ruth"
"1513","Rye"
"1514","Sachar"
"1515","Sadoc"
"1516","Saffron"
"1517","Salem"
"1518","Salim"
"1519","Sallu"
"1520","Salmon"
"1521","Salmone"
"1522","Salome"
"1523","Salt"
"1524","Salutation"
"1525","Salvation"
"1526","Samos"
"1527","Samson"
"1528","Samuel"
"1529","Sansannah"
"1530","Saphir"
"1531","Sapphira"
"1532","Sapphire"
"1533","Sarah"
"1534","Sarai"
"1535","Sardis"
"1536","Sargon"
"1537","Saul"
"1538","Scarlet"
"1539","Sceva"
"1540","Seah"
"1541","Seal"
"1542","Sea"
"1543","Seba"
"1544","Sebat"
"1545","Seer"
"1546","Seir"
"1547","Seirath"
"1548","Sela"
"1549","Selah"
"1550","Seleucia"
"1551","Senaah"
"1552","Sephar"
"1553","Serah"
"1554","Seraiah"
"1555","Sered"
"1556","Sergeant"
"1557","Sergius"
"1558","Seth"
"1559","Shadow"
"1560","Shadrach"
"1561","Shalem"
"1562","Shalman"
"1563","Shamir"
"1564","Shaphat"
"1565","Shapher"
"1566","Sharon"
"1567","Sheba"
"1568","Shebna"
"1569","Shechem"
"1570","Shekel"
"1571","Shelah"
"1572","Shem"
"1573","Shema"
"1574","Shemaah"
"1575","Shemuel"
"1576","Shen"
"1577","Sheol"
"1578","Shepherd"
"1579","Sheth"
"1580","Shethar"
"1581","Sheva"
"1582","Shibboleth"
"1583","Shibmah"
"1584","Shield"
"1585","Shihon"
"1586","Shihor"
"1587","Shiloah"
"1588","Shiloh"
"1589","Shiphmite"
"1590","Shocho"
"1591","Shomer"
"1592","Shophan"
"1593","Shua"
"1594","Shuah"
"1595","Shunem"
"1596","Shur"
"1597","Shushan"
"1598","Sichem"
"1599","Sidon"
"1600","Signet"
"1601","Sihon"
"1602","Sihor"
"1603","Silas"
"1604","Silk"
"1605","Silla"
"1606","Siloah"
"1607","Siloam"
"1608","Silver"
"1609","Simeon"
"1610","Sinai"
"1611","Sion"
"1612","Sirah"
"1613","Sisera"
"1614","Sitnah"
"1615","Sivan"
"1616","Sling"
"1617","Smith"
"1618","Smyrna"
"1619","Snow"
"1620","Soap"
"1621","Solomon"
"1622","Song"
"1623","Sopater"
"1624","Sorek"
"1625","South"
"1626","Spain"
"1627","Sparrow"
"1628","Spicery"
"1629","Spice"
"1630","Spirit"
"1631","Spouse"
"1632","Spring"
"1633","Stargazer"
"1634","Star"
"1635","Stars"
"1636","Stater"
"1637","Steel"
"1638","Stephanas"
"1639","Stephen"
"1640","Stone"
"1641","Stork"
"1642","Stranger"
"1643","Straw"
"1644","Stream"
"1645","Street"
"1646","Stripes"
"1647","Succoth"
"1648","Sun"
"1649","Suph"
"1650","Suphah"
"1651","Supper"
"1652","Surety"
"1653","Susanna"
"1654","Susi"
"1655","Swallow"
"1656","Swan"
"1657","Sword"
"1658","Sycamore"
"1659","Sychar"
"1660","Sychem"
"1661","Syene"
"1662","Syracuse"
"1663","Syria"
"1664","Syriac"
"1665","Taanach"
"1666","Tabbath"
"1667","Tabeal"
"1668","Tabeel"
"1669","Taberah"
"1670","Tabitha"
"1671","Tabor"
"1672","Tabrimon"
"1673","Taches"
"1674","Tachmonite"
"1675","Tackling"
"1676","Tadmor"
"1677","Tale"
"1678","Talent"
"1679","Talmai"
"1680","Talmon"
"1681","Tamar"
"1682","Tamarisk"
"1683","Tammuz"
"1684","Tanhumeth"
"1685","Tanis"
"1686","Tappuah"
"1687","Tarah"
"1688","Tares"
"1689","Target"
"1690","Tarshish"
"1691","Tarsus"
"1692","Tartak"
"1693","Tartan"
"1694","Tebeth"
"1695","Tekel"
"1696","Tekoa"
"1697","Telem"
"1698","Tema"
"1699","Teman"
"1700","Temeni"
"1701","Temple"
"1702","Tent"
"1703","Terah"
"1704","Teraphim"
"1705","Terebinth"
"1706","Teresh"
"1707","Tertius"
"1708","Tertullus"
"1709","Testament"
"1710","Testimony"
"1711","Thaddaeus"
"1712","Tharshish"
"1713","Theophilus"
"1714","Thessalonica"
"1715","Theudas"
"1716","Thistle"
"1717","Thomas"
"1718","Thorn"
"1719","Thunder"
"1720","Tiberius"
"1721","Timaeus"
"1722","Timbrel"
"1723","Timnah"
"1724","Timnath"
"1725","Timon"
"1726","Timotheus"
"1727","Timothy"
"1728","Tin"
"1729","Tiras"
"1730","Tirza"
"1731","Tithe"
"1732","Titus"
"1733","Tobiah"
"1734","Tob, Toby"
"1735","Tochen"
"1736","Togarmah"
"1737","Tohu"
"1738","Toi"
"1739","Tola"
"1740","Tolad"
"1741","Topaz"
"1742","Tow"
"1743","Tradition"
"1744","Trance"
"1745","Tree"
"1746","Tribe"
"1747","Tribute"
"1748","Trinity"
"1749","Troas"
"1750","Trumpets"
"1751","Truth"
"1752","Turtle"
"1753","Type"
"1754","Tyre"
"1755","Ummah"
"1756","Unicorn"
"1757","Unni"
"1758","Uphaz"
"1759","Ur"
"1760","Uriah"
"1761","Uriel"
"1762","Urijah"
"1763","Urim"
"1764","Uz"
"1765","Uzza"
"1766","Uzzi"
"1767","Uzziah"
"1768","Vagabond"
"1769","Valley"
"1770","Vashti"
"1771","Veil, vail"
"1772","Vine"
"1773","Vision"
"1774","Vow"
"1775","Wagon"
"1776","Wall"
"1777","War"
"1778","Ward"
"1779","Watch"
"1780","Wax"
"1781","Weaver"
"1782","Well"
"1783","Whale"
"1784","Wheat"
"1785","White"
"1786","Willow"
"1787","Window"
"1788","Wind"
"1789","Wine"
"1790","Winnow"
"1791","Wise"
"1792","Witness"
"1793","Wizard"
"1794","Wolf"
"1795","Woody"
"1796","Wool"
"1797","Yarn"
"1798","Year"
"1799","Yeshebi"
"1800","Yoke"
"1801","Zaavan"
"1802","Zabad"
"1803","Zabbai"
"1804","Zabbud"
"1805","Zabdi"
"1806","Zabud"
"1807","Zabulon"
"1808","Zaccai"
"1809","Zacchaeus"
"1810","Zaccur"
"1811","Zachariah"
"1812","Zacharias"
"1813","Zadok"
"1814","Zair"
"1815","Zalmon"
"1816","Zanoah"
"1817","Zarephath"
"1818","Zarthan"
"1819","Zattu"
"1820","Zaza"
"1821","Zeal"
"1822","Zebah"
"1823","Zebaim"
"1824","Zebedee"
"1825","Zeboim"
"1826","Zebudah"
"1827","Zebul"
"1828","Zebulun"
"1829","Zechariah"
"1830","Zedad"
"1831","Zedekiah"
"1832","Zeeb"
"1833","Zelah"
"1834","Zelek"
"1835","Zemira"
"1836","Zenas"
"1837","Zephaniah"
"1838","Zephath"
"1839","Zered"
"1840","Zereda"
"1841","Zeruah"
"1842","Zetham"
"1843","Zethan"
"1844","Zia"
"1845","Zidon"
"1846","Zif"
"1847","Zillah"
"1848","Zilpah"
"1849","Zin"
"1850","Zina"
"1851","Zion"
"1852","Zior"
"1853","Ziph"
"1854","Ziphron"
"1855","Zippor"
"1856","Zipporah"
"1857","Ziz"
"1858","Zoar"
"1859","Zohar"
"1860","Zophar"
"1861","Zorah"
