"","Name","Flag"
"1","Aaron",1
"2","Abaddon",1
"3","Abagtha",1
"4","Abana",1
"5","Abarim",1
"6","Abba",1
"7","Abda",1
"8","Abdeel",1
"9","Abdi",1
"10","Abdiel",1
"11","Abdon",1
"12","Abednego",1
"13","Abel",1
"14","Abez",1
"15","Abia",1
"16","Abib",1
"17","Abidan",1
"18","Abieezer",1
"19","Abiel",1
"20","Abigail",1
"21","Abilene",1
"22","Abimelech",1
"23","Abner",1
"24","Abraham",1
"25","Abram",1
"26","Absalom",1
"27","Achan",1
"28","Acre",1
"29","Adah",1
"30","Adam",1
"31","Adar",1
"32","Addar",1
"33","Adder",1
"34","Addi",1
"35","Addon",1
"36","Adiel",1
"37","Adin",1
"38","Adina",1
"39","Adino",1
"40","Admah",1
"41","Adonijah",1
"42","Adoram",1
"43","Adore",1
"44","Adria",1
"45","Adriel",1
"46","Advocate",1
"47","Affection",1
"48","Agabus",1
"49","Agate",1
"50","Agrippa",1
"51","Ahab",1
"52","Ahaz",1
"53","Aholah",1
"54","Air",1
"55","Alabaster",1
"56","Alarm",1
"57","Alexander",1
"58","Alleluia",1
"59","Alliance",1
"60","Allon",1
"61","Almon",1
"62","Almond",1
"63","Almug",1
"64","Aloes",1
"65","Alphaeus",1
"66","Altar",1
"67","Altaschith",1
"68","Alush",1
"69","Amalek",1
"70","Amalekite",1
"71","Amana",1
"72","Amariah",1
"73","Amasa",1
"74","Amaziah",1
"75","Amber",1
"76","Amen",1
"77","Amethyst",1
"78","Ammon",1
"79","Amnon",1
"80","Amon",1
"81","Amos",1
"82","Amoz",1
"83","Amphipolis",1
"84","Amplias",1
"85","Amram",1
"86","Anab",1
"87","Anah",1
"88","Anak",1
"89","Anan",1
"90","Ananiah",1
"91","Ananias",1
"92","Anath",1
"93","Anathoth",1
"94","Anchor",1
"95","Andrew",1
"96","Andronicus",1
"97","Anem",1
"98","Aner",1
"99","Angel",1
"100","Anger",1
"101","Anise",1
"102","Anna",1
"103","Annas",1
"104","Anoint",1
"105","Antiochus",1
"106","Antipas",1
"107","Antonia",1
"108","Anvil",1
"109","Apollos",1
"110","Apollyon",1
"111","Apphia",1
"112","Apple",1
"113","Aquila",1
"114","Arabah",1
"115","Arabia",1
"116","Arad",1
"117","Aram",1
"118","Aran",1
"119","Ararat",1
"120","Arba",1
"121","Arch",1
"122","Archangel",1
"123","Archelaus",1
"124","Archer",1
"125","Archippus",1
"126","Archite",1
"127","Arcturus",1
"128","Ardon",1
"129","Areopagus",1
"130","Aretas",1
"131","Argob",1
"132","Arieh",1
"133","Ariel",1
"134","Arm",1
"135","Armageddon",1
"136","Armenia",1
"137","Armour",1
"138","Army",1
"139","Arnon",1
"140","Arpad",1
"141","Arrow",1
"142","Arvad",1
"143","Asa",1
"144","Ash",1
"145","Asher",1
"146","Ashes",1
"147","Asia",1
"148","Assurance",1
"149","Atad",1
"150","Ater",1
"151","Athens",1
"152","Augustus",1
"153","Ava",1
"154","Awl",1
"155","Axe",1
"156","Azal",1
"157","Azariah",1
"158","Azazel",1
"159","Azel",1
"160","Azur and Azzur",1
"161","Baalah",1
"162","Baalath",1
"163","Baana",1
"164","Baanah",1
"165","Baasha",1
"166","Babe",1
"167","Babylon",1
"168","Badger",1
"169","Baladan",1
"170","Balah",1
"171","Balak",1
"172","Balance",1
"173","Balm",1
"174","Bamah",1
"175","Bamoth",1
"176","Bani",1
"177","Banner",1
"178","Bar",1
"179","Barabbas",1
"180","Barak",1
"181","Barefoot",1
"182","Bariah",1
"183","Barkos",1
"184","Barley",1
"185","Barn",1
"186","Barnabas",1
"187","Barrel",1
"188","Barsabas",1
"189","Bartholomew",1
"190","Bartimaeus",1
"191","Baruch",1
"192","Bashan",1
"193","Bashemath",1
"194","Basin",1
"195","Basket",1
"196","Bath",1
"197","Baths",1
"198","Bath-sheba",1
"199","Bay",1
"200","Bdellium",1
"201","Beacon",1
"202","Bealiah",1
"203","Bealoth",1
"204","Beam",1
"205","Bear",1
"206","Beard",1
"207","Beast",1
"208","Beaten gold",1
"209","Becher",1
"210","Bedan",1
"211","Bedstead",1
"212","Bee",1
"213","Beer",1
"214","Beeri",1
"215","Beeroth",1
"216","Beersheba",1
"217","Beetle",1
"218","Beeves",1
"219","Behemoth",1
"220","Bekah",1
"221","Bel",1
"222","Bela",1
"223","Belial",1
"224","Bell",1
"225","Bellows",1
"226","Belshazzar",1
"227","Belteshazzar",1
"228","Benaiah",1
"229","Bench",1
"230","Benjamin",1
"231","Beor",1
"232","Bera",1
"233","Berachah",1
"234","Berea",1
"235","Berechiah",1
"236","Bered",1
"237","Beriah",1
"238","Bernice",1
"239","Berodach-baladan",1
"240","Beryl",1
"241","Besom",1
"242","Besor",1
"243","Bestead",1
"244","Beth",1
"245","Bethabara",1
"246","Bethany",1
"247","Bethel",1
"248","Bether",1
"249","Bethesda",1
"250","Bethlehem",1
"251","Bethsaida",1
"252","Bethuel",1
"253","Bethzur",1
"254","Betroth",1
"255","Beulah",1
"256","Bewray",1
"257","Beyond",1
"258","Bezaleel",1
"259","Bezek",1
"260","Bezer",1
"261","Bier",1
"262","Bigtha",1
"263","Bigthan",1
"264","Bildad",1
"265","Bilgah",1
"266","Bilshan",1
"267","Bird",1
"268","Birsha",1
"269","Bishop",1
"270","Bitter",1
"271","Black",1
"272","Blade",1
"273","Blains",1
"274","Bless",1
"275","Blue",1
"276","Boaz",1
"277","Bochim",1
"278","Bond",1
"279","Bonnet",1
"280","Bow",1
"281","Bozrah",1
"282","Branch",1
"283","Brass",1
"284","Bravery",1
"285","Breach",1
"286","Bread",1
"287","Brick",1
"288","Bride",1
"289","Bridle",1
"290","Brier",1
"291","Brook",1
"292","Brother",1
"293","Bruit",1
"294","Bunch",1
"295","Butter",1
"296","Buz",1
"297","Buzi",1
"298","By",1
"299","Cab",1
"300","Cabins",1
"301","Cabul",1
"302","Caesar",1
"303","Caesara Philippi",1
"304","Caesarea",1
"305","Cage",1
"306","Caiaphas",1
"307","Cain",1
"308","Cake",1
"309","Calah",1
"310","Calamus",1
"311","Calcol",1
"312","Caleb",1
"313","Calf",1
"314","Calkers",1
"315","Call",1
"316","Calling",1
"317","Calneh",1
"318","Calvary",1
"319","Camel",1
"320","Camon",1
"321","Camp",1
"322","Camphire",1
"323","Cana",1
"324","Canaan",1
"325","Candace",1
"326","Candle",1
"327","Candlestick",1
"328","Cane",1
"329","Canker",1
"330","Canneh",1
"331","Capernaum",1
"332","Captain",1
"333","Carpenter",1
"334","Carriage",1
"335","Cart",1
"336","Carve",1
"337","Casement",1
"338","Casiphia",1
"339","Casluhim",1
"340","Cassia",1
"341","Castaway",1
"342","Castle",1
"343","Castor and Pollux",1
"344","Caul",1
"345","Cauls",1
"346","Causeway",1
"347","Cave",1
"348","Cesarea",1
"349","Chaff",1
"350","Chalcedony",1
"351","Chaldees",1
"352","Chamber",1
"353","Chambering",1
"354","Chamberlain",1
"355","Chamois",1
"356","Champion",1
"357","Chance",1
"358","Chancellor",1
"359","Channel",1
"360","Chapel",1
"361","Charger",1
"362","Chariot",1
"363","Charity",1
"364","Charmer",1
"365","Charran",1
"366","Chebar",1
"367","Chemarim",1
"368","Chemosh",1
"369","Chenaanah",1
"370","Chenaiah",1
"371","Chephirah",1
"372","Cherethim",1
"373","Cherith",1
"374","Cherub",1
"375","Chesalon",1
"376","Chesed",1
"377","Chesil",1
"378","Chest",1
"379","Chesulloth",1
"380","Chezib",1
"381","Chidon",1
"382","Chileab",1
"383","Chilion",1
"384","Chilmad",1
"385","Chimham",1
"386","Chinnereth",1
"387","Chios",1
"388","Chisleu",1
"389","Chittim",1
"390","Chiun",1
"391","Chloe",1
"392","Chorazin",1
"393","Chosen",1
"394","Chozeba",1
"395","Christ",1
"396","Chub",1
"397","Chun",1
"398","Church",1
"399","Cilicia",1
"400","Cinnamon",1
"401","Cinnereth",1
"402","Circuit",1
"403","Clauda",1
"404","Claudia",1
"405","Claudius",1
"406","Clay",1
"407","Clean",1
"408","Clement",1
"409","Cleopas",1
"410","Cleophas",1
"411","Cloak",1
"412","Closet",1
"413","Cloud",1
"414","College",1
"415","Colony",1
"416","Colossae",1
"417","Colour",1
"418","Comforter",1
"419","Communion",1
"420","Conaniah",1
"421","Concision",1
"422","Coney",1
"423","Confection",1
"424","Confession",1
"425","Congregation",1
"426","Constellation",1
"427","Contentment",1
"428","Cook",1
"429","Coos",1
"430","Copper",1
"431","Cor",1
"432","Coral",1
"433","Corban",1
"434","Cord",1
"435","Coriander",1
"436","Corinth",1
"437","Cormorant",1
"438","Corn",1
"439","Cornelius",1
"440","Cornet",1
"441","Cotes",1
"442","Coulter",1
"443","Council",1
"444","Counsellor",1
"445","Courses",1
"446","Court",1
"447","Covenant",1
"448","Crane",1
"449","Crete",1
"450","Crimson",1
"451","Crispus",1
"452","Cross",1
"453","Crown",1
"454","Cruse",1
"455","Crystal",1
"456","Cucumbers",1
"457","Cummin",1
"458","Cup",1
"459","Curse",1
"460","Curtain",1
"461","Cush",1
"462","Cushan",1
"463","Custom",1
"464","Cutting",1
"465","Cymbals",1
"466","Cypress",1
"467","Cyprus",1
"468","Cyrene",1
"469","Cyrenius",1
"470","Cyrus",1
"471","Daberath",1
"472","Daemon",1
"473","Dagon",1
"474","Dalmatia",1
"475","Damaris",1
"476","Damascus",1
"477","Dan",1
"478","Dance",1
"479","Daniel",1
"480","Dannah",1
"481","Darda",1
"482","Daric",1
"483","Darius",1
"484","Darkness",1
"485","Darling",1
"486","Dart",1
"487","Date",1
"488","Dathan",1
"489","Daughter",1
"490","David",1
"491","Day",1
"492","Daysman",1
"493","Dayspring",1
"494","Daystar",1
"495","Deacon",1
"496","Debir",1
"497","Deborah",1
"498","Dedan",1
"499","Delaiah",1
"500","Delilah",1
"501","Deluge",1
"502","Demas",1
"503","Demetrius",1
"504","Den",1
"505","Derbe",1
"506","Devil",1
"507","Dew",1
"508","Diadem",1
"509","Dial",1
"510","Diamond",1
"511","Diana",1
"512","Didymus",1
"513","Dimnah",1
"514","Dinah",1
"515","Dine",1
"516","Dionysius",1
"517","Dish",1
"518","Dishan",1
"519","Divination",1
"520","Dizahab",1
"521","Doctor",1
"522","Dodo",1
"523","Doeg",1
"524","Doors",1
"525","Dor",1
"526","Dorcas",1
"527","Dothan",1
"528","Dough",1
"529","Dream",1
"530","Dress",1
"531","Dromedary",1
"532","Drusilla",1
"533","Duke",1
"534","Dulcimer",1
"535","Dumah",1
"536","Dura",1
"537","Dwell",1
"538","Dwellings",1
"539","Dye",1
"540","Eagle",1
"541","Earnest",1
"542","Earth",1
"543","East",1
"544","Ebal",1
"545","Eben-ezer",1
"546","Eber",1
"547","Ebony",1
"548","Ed",1
"549","Edar",1
"550","Eden",1
"551","Eder",1
"552","Edom",1
"553","Eglon",1
"554","Egypt",1
"555","Ehud",1
"556","Ekron",1
"557","Elah",1
"558","Elam",1
"559","Elasah",1
"560","Elath",1
"561","Eldad",1
"562","Elder",1
"563","Eleazar",1
"564","Eli",1
"565","Eliam",1
"566","Elias",1
"567","Eliel",1
"568","Eliezer",1
"569","Elihu",1
"570","Elijah",1
"571","Elim",1
"572","Elimelech",1
"573","Elisabeth",1
"574","Elisha",1
"575","Elishua",1
"576","Ellasar",1
"577","Elm",1
"578","Elon",1
"579","Elul",1
"580","Elymas",1
"581","Embroider",1
"582","Emerald",1
"583","Emmanuel",1
"584","Emmaus",1
"585","Emmor",1
"586","Enoch",1
"587","Enos",1
"588","Ensign",1
"589","Ephesus",1
"590","Ephod",1
"591","Ephraim",1
"592","Ephron",1
"593","Erastus",1
"594","Esau",1
"595","Esdraelon",1
"596","Esek",1
"597","Espouse",1
"598","Essenes",1
"599","Esther",1
"600","Etam",1
"601","Etham",1
"602","Ethan",1
"603","Ethanim",1
"604","Ethiopia",1
"605","Eunice",1
"606","Euodias",1
"607","Euphrates",1
"608","Eutychus",1
"609","Evangelist",1
"610","Eve",1
"611","Evening",1
"612","Everlasting",1
"613","Example",1
"614","Exile",1
"615","Exodus",1
"616","Exorcist",1
"617","Eye",1
"618","Ezekiel",1
"619","Ezel",1
"620","Ezer",1
"621","Ezra",1
"622","Ezrahite",1
"623","Ezri",1
"624","Faith",1
"625","Faithful",1
"626","Fan",1
"627","Fast",1
"628","Father",1
"629","Fathom",1
"630","Felix",1
"631","Fence",1
"632","Ferret",1
"633","Festus",1
"634","Finer",1
"635","Fir",1
"636","Fire",1
"637","Firmament",1
"638","Fisher",1
"639","Flag",1
"640","Flagon",1
"641","Flax",1
"642","Fleece",1
"643","Flint",1
"644","Flowers",1
"645","Flute",1
"646","Ford",1
"647","Forerunner",1
"648","Forest",1
"649","Fortunatus",1
"650","Fowler",1
"651","Fox",1
"652","Freedom",1
"653","Frost",1
"654","Fuller",1
"655","Fulness",1
"656","Funeral",1
"657","Furlong",1
"658","Furnace",1
"659","Furrow",1
"660","Fury",1
"661","Gaal",1
"662","Gaash",1
"663","Gabbatha",1
"664","Gabriel",1
"665","Gad",1
"666","Gadara",1
"667","Gadarenes",1
"668","Gaddi",1
"669","Gaddiel",1
"670","Gahar",1
"671","Gaius",1
"672","Galeed",1
"673","Galilean",1
"674","Galilee",1
"675","Gall",1
"676","Gallery",1
"677","Gallim",1
"678","Gallio",1
"679","Gallows",1
"680","Gamaliel",1
"681","Games",1
"682","Gammadim",1
"683","Gamul",1
"684","Gap",1
"685","Gardens",1
"686","Gareb",1
"687","Garlands",1
"688","Garlic",1
"689","Garner",1
"690","Garnish",1
"691","Garrison",1
"692","Gate",1
"693","Gath",1
"694","Gemariah",1
"695","Genesis",1
"696","Gera",1
"697","Gerah",1
"698","Gerar",1
"699","Gergesa",1
"700","Gerizim",1
"701","Gershom",1
"702","Gershon",1
"703","Geshem",1
"704","Geshur",1
"705","Gethsemane",1
"706","Gezer",1
"707","Ghost",1
"708","Giants",1
"709","Gibeon",1
"710","Gideon",1
"711","Gift",1
"712","Gihon",1
"713","Gilboa",1
"714","Gilead",1
"715","Gilgal",1
"716","Giloh",1
"717","Gimzo",1
"718","Gin",1
"719","Glass",1
"720","Glean",1
"721","Glede",1
"722","Glorify",1
"723","Glory",1
"724","Gob",1
"725","God",1
"726","Golan",1
"727","Gold",1
"728","Goldsmith",1
"729","Goliath",1
"730","Gomer",1
"731","Goodness",1
"732","Gopher",1
"733","Goshen",1
"734","Gospel",1
"735","Grace",1
"736","Greyhound",1
"737","Grove",1
"738","Habakkuk",1
"739","Habergeon",1
"740","Habitation",1
"741","Habor",1
"742","Hachilah",1
"743","Hadad",1
"744","Hadadezer",1
"745","Hadar",1
"746","Hadarezer",1
"747","Hadashah",1
"748","Hadassah",1
"749","Hadattah",1
"750","Hagar",1
"751","Haggai",1
"752","Hail",1
"753","Hair",1
"754","Hakkoz",1
"755","Halah",1
"756","Halak",1
"757","Hall",1
"758","Hallel",1
"759","Hallelujah",1
"760","Hallow",1
"761","Halt",1
"762","Ham",1
"763","Haman",1
"764","Hamath",1
"765","Hammer",1
"766","Hammon",1
"767","Hamon",1
"768","Hamor",1
"769","Hanes",1
"770","Hannah",1
"771","Hanun",1
"772","Hara",1
"773","Haradah",1
"774","Haran",1
"775","Harbona",1
"776","Hare",1
"777","Hareth",1
"778","Harhaiah",1
"779","Harhur",1
"780","Harim",1
"781","Hariph",1
"782","Harlot",1
"783","Harness",1
"784","Harod",1
"785","Harp",1
"786","Harrow",1
"787","Harsha",1
"788","Hart",1
"789","Harum",1
"790","Haruz",1
"791","Harvest",1
"792","Hatipha",1
"793","Hauran",1
"794","Haven",1
"795","Hawk",1
"796","Hay",1
"797","Hazel",1
"798","Hazeroth",1
"799","Hazo",1
"800","Hazor",1
"801","Heap",1
"802","Heart",1
"803","Hearth",1
"804","Heath",1
"805","Heaven",1
"806","Hebron",1
"807","Hegai",1
"808","Heifer",1
"809","Heir",1
"810","Helah",1
"811","Helam",1
"812","Helbah",1
"813","Helbon",1
"814","Heldai",1
"815","Heleb",1
"816","Heled",1
"817","Helek",1
"818","Helem",1
"819","Heleph",1
"820","Helez",1
"821","Heli",1
"822","Helkai",1
"823","Helkath",1
"824","Helmet",1
"825","Helon",1
"826","Helps",1
"827","Hem",1
"828","Heman",1
"829","Hemath",1
"830","Hemlock",1
"831","Hena",1
"832","Henadad",1
"833","Herb",1
"834","Heres",1
"835","Hermas",1
"836","Hermes",1
"837","Hermogenes",1
"838","Hermon",1
"839","Herodias",1
"840","Herod",1
"841","Heron",1
"842","Hezekiah",1
"843","Hezion",1
"844","Hezir",1
"845","Hezro",1
"846","Hezron",1
"847","Hill",1
"848","Hillel",1
"849","Hind",1
"850","Hinge",1
"851","Hinnom",1
"852","Hiram",1
"853","Hold",1
"854","Homer",1
"855","Honey",1
"856","Hope",1
"857","Hor",1
"858","Horeb",1
"859","Horem",1
"860","Horites",1
"861","Hormah",1
"862","Horn",1
"863","Hornet",1
"864","Horonite",1
"865","Horse",1
"866","Hosah",1
"867","Hosanna",1
"868","Hose",1
"869","Hosea",1
"870","Host",1
"871","Hough",1
"872","Hour",1
"873","House",1
"874","Hukkok",1
"875","Hymn",1
"876","Ice",1
"877","Ichabod",1
"878","Iconium",1
"879","Idalah",1
"880","Iddo",1
"881","Igal",1
"882","Iim",1
"883","India",1
"884","Inn",1
"885","Inspiration",1
"886","Intercession",1
"887","Ira",1
"888","Irad",1
"889","Iron",1
"890","Isaac",1
"891","Isaiah",1
"892","Israel",1
"893","Italy",1
"894","Ivah",1
"895","Ivory",1
"896","Izhar",1
"897","Izrahite",1
"898","Jaazer",1
"899","Jabal",1
"900","Jabbok",1
"901","Jabesh",1
"902","Jabin",1
"903","Jabneel",1
"904","Jabneh",1
"905","Jachan",1
"906","Jachin",1
"907","Jacinth",1
"908","Jacob",1
"909","Jaddua",1
"910","Jadon",1
"911","Jairus",1
"912","Jalon",1
"913","James",1
"914","Jannes",1
"915","Janoah",1
"916","Janum",1
"917","Japheth",1
"918","Japhia",1
"919","Jashen",1
"920","Jasher",1
"921","Jason",1
"922","Jasper",1
"923","Javan",1
"924","Javelin",1
"925","Jearim",1
"926","Jebus",1
"927","Jehoram",1
"928","Jehoshaphat",1
"929","Jehovah",1
"930","Jehozabad",1
"931","Jehozadak",1
"932","Jehu",1
"933","Jehucal",1
"934","Jehudi",1
"935","Jeiel",1
"936","Jemima",1
"937","Jephthah",1
"938","Jeremiah",1
"939","Jeremiah, Book of",1
"940","Jericho",1
"941","Jeruel",1
"942","Jerusalem",1
"943","Jesher",1
"944","Jeshua",1
"945","Jesse",1
"946","Jesus",1
"947","Jethro",1
"948","Jetur",1
"949","Jezebel",1
"950","Jeziel",1
"951","Jezreel",1
"952","Joanna",1
"953","Joash",1
"954","Job",1
"955","Jobab",1
"956","Joel",1
"957","John",1
"958","Jokim",1
"959","Jonah",1
"960","Jonas",1
"961","Jonathan",1
"962","Jordan",1
"963","Joseph",1
"964","Joshua",1
"965","Josiah",1
"966","Jotham",1
"967","Jozabad",1
"968","Jubilee",1
"969","Juda",1
"970","Judah",1
"971","Judas",1
"972","Jude",1
"973","Judge",1
"974","Judith",1
"975","Julia",1
"976","Julius",1
"977","Junia",1
"978","Juniper",1
"979","Jupiter",1
"980","Justice",1
"981","Justus",1
"982","Juttah",1
"983","Kabzeel",1
"984","Kadesh",1
"985","Kadesh",1
"986","Kadmiel",1
"987","Kanah",1
"988","Kareah",1
"989","Karkaa",1
"990","Karkor",1
"991","Kartah",1
"992","Kartan",1
"993","Kattath",1
"994","Kedar",1
"995","Kedesh",1
"996","Kedron",1
"997","Keilah",1
"998","Kelita",1
"999","Kemuel",1
"1000","Kenath",1
"1001","Kenaz",1
"1002","Kettle",1
"1003","Keturah",1
"1004","Key",1
"1005","Kid",1
"1006","Kidron",1
"1007","King",1
"1008","Kinsman",1
"1009","Kir",1
"1010","Kish",1
"1011","Kishon",1
"1012","Kite",1
"1013","Knife",1
"1014","Knock",1
"1015","Koa",1
"1016","Koz",1
"1017","Laban",1
"1018","Lachish",1
"1019","Ladder",1
"1020","Laish",1
"1021","Lama",1
"1022","Lamb",1
"1023","Lamech",1
"1024","Lamentation",1
"1025","Lamp",1
"1026","Landmark",1
"1027","Laodicea",1
"1028","Lapidoth",1
"1029","Lapping",1
"1030","Lapwing",1
"1031","Lasaea",1
"1032","Lasha",1
"1033","Latchet",1
"1034","Latin",1
"1035","Laver",1
"1036","Law",1
"1037","Lawyer",1
"1038","Lazarus",1
"1039","Leaf",1
"1040","League",1
"1041","Leah",1
"1042","Leannoth",1
"1043","Leasing",1
"1044","Leather",1
"1045","Leaven",1
"1046","Lebanon",1
"1047","Lebonah",1
"1048","Lees",1
"1049","Legion",1
"1050","Lehi",1
"1051","Lemuel",1
"1052","Leopard",1
"1053","Letter",1
"1054","Levi",1
"1055","Leviathan",1
"1056","Levy",1
"1057","Libertine",1
"1058","Libya",1
"1059","Life",1
"1060","Light",1
"1061","Lily",1
"1062","Lime",1
"1063","Lintel",1
"1064","Lion",1
"1065","Lip",1
"1066","Litter",1
"1067","Lock",1
"1068","Lodge",1
"1069","Lois",1
"1070","Loop",1
"1071","Lord",1
"1072","Lot",1
"1073","Lotan",1
"1074","Love",1
"1075","Lucas",1
"1076","Lucifer",1
"1077","Lucius",1
"1078","Lucre",1
"1079","Lud",1
"1080","Ludim",1
"1081","Luhith",1
"1082","Luke",1
"1083","Luz",1
"1084","Lycia",1
"1085","Lydda",1
"1086","Lydia",1
"1087","Lysanias",1
"1088","Lystra",1
"1089","Maath",1
"1090","Maaziah",1
"1091","Maccabees",1
"1092","Madon",1
"1093","Magdala",1
"1094","Magdalene",1
"1095","Magic",1
"1096","Magicians",1
"1097","Magistrate",1
"1098","Magog",1
"1099","Mahalath",1
"1100","Mahath",1
"1101","Mahlah",1
"1102","Mahlon",1
"1103","Mahol",1
"1104","Makheloth",1
"1105","Makkedah",1
"1106","Maktesh",1
"1107","Malachi",1
"1108","Malcam",1
"1109","Malchus",1
"1110","Mallows",1
"1111","Malluch",1
"1112","Mammon",1
"1113","Mamre",1
"1114","Manasseh",1
"1115","Manger",1
"1116","Manna",1
"1117","Mantle",1
"1118","Mara",1
"1119","Maranatha",1
"1120","Marble",1
"1121","Marcus",1
"1122","Mark",1
"1123","Martha",1
"1124","Mary",1
"1125","Mash",1
"1126","Mashal",1
"1127","Mason",1
"1128","Matthan",1
"1129","Matthat",1
"1130","Matthew",1
"1131","Matthias",1
"1132","Mattock",1
"1133","Maul",1
"1134","Meadow",1
"1135","Meah",1
"1136","Meals",1
"1137","Mearah",1
"1138","Measure",1
"1139","Mekonah",1
"1140","Melchi",1
"1141","Melchizedek",1
"1142","Melea",1
"1143","Melech",1
"1144","Melita",1
"1145","Melzar",1
"1146","Memphis",1
"1147","Merab",1
"1148","Mercurius",1
"1149","Mercy",1
"1150","Mered",1
"1151","Meremoth",1
"1152","Meroz",1
"1153","Mesha",1
"1154","Meshach",1
"1155","Micah",1
"1156","Micha",1
"1157","Michael",1
"1158","Michal",1
"1159","Mildew",1
"1160","Mile",1
"1161","Mill",1
"1162","Millet",1
"1163","Millo",1
"1164","Minni",1
"1165","Minstrel",1
"1166","Mint",1
"1167","Miracle",1
"1168","Miriam",1
"1169","Misdeem",1
"1170","Mishael",1
"1171","Mishal",1
"1172","Misham",1
"1173","Misheal",1
"1174","Mishma",1
"1175","Moab",1
"1176","Moloch",1
"1177","Money",1
"1178","Moon",1
"1179","Mordecai",1
"1180","Moreh",1
"1181","Moriah",1
"1182","Mortar",1
"1183","Mosera",1
"1184","Moseroth",1
"1185","Moses",1
"1186","Mote",1
"1187","Moza",1
"1188","Mozah",1
"1189","Mulberry",1
"1190","Music",1
"1191","Mustard",1
"1192","Myra",1
"1193","Myrrh",1
"1194","Myrtle",1
"1195","Mysia",1
"1196","Mystery",1
"1197","Nahath",1
"1198","Nahbi",1
"1199","Nahor",1
"1200","Nahshon",1
"1201","Nahum",1
"1202","Naomi",1
"1203","Naphish",1
"1204","Naphtali",1
"1205","Napkin",1
"1206","Narcissus",1
"1207","Nathan",1
"1208","Nathanael",1
"1209","Neah",1
"1210","Nebo",1
"1211","Nebuchadnezzar",1
"1212","Neck",1
"1213","Necromancer",1
"1214","Needle",1
"1215","Nehemiah",1
"1216","Nekeb",1
"1217","Nemuel",1
"1218","Nephilim",1
"1219","Ner",1
"1220","Nereus",1
"1221","Nergal",1
"1222","Nero",1
"1223","Net",1
"1224","Nethaneel",1
"1225","Nethaniah",1
"1226","Nethinim",1
"1227","Netophah",1
"1228","Nicodemus",1
"1229","Nicolas",1
"1230","Nimrah",1
"1231","Nimrim",1
"1232","Noadiah",1
"1233","Noah",1
"1234","Nod",1
"1235","Nophah",1
"1236","North",1
"1237","Nun",1
"1238","Nymphas",1
"1239","Oak",1
"1240","Oath",1
"1241","Obadiah",1
"1242","Oded",1
"1243","Ohad",1
"1244","Olive",1
"1245","Olympas",1
"1246","Omar",1
"1247","Omega",1
"1248","Omer",1
"1249","Omri",1
"1250","On",1
"1251","Ophrah",1
"1252","Oracle",1
"1253","Oreb",1
"1254","Oren",1
"1255","Organ",1
"1256","Orion",1
"1257","Ornan",1
"1258","Orpah",1
"1259","Orphans",1
"1260","Osprey",1
"1261","Ostrich",1
"1262","Ouches",1
"1263","Oven",1
"1264","Owl",1
"1265","Ox",1
"1266","Ozias",1
"1267","Ozni",1
"1268","Paarai",1
"1269","Padan",1
"1270","Padan-aram",1
"1271","Pagiel",1
"1272","Pahath-moab",1
"1273","Paint",1
"1274","Palace",1
"1275","Palestine",1
"1276","Pallu",1
"1277","Palmer-worm",1
"1278","Palm tree",1
"1279","Palm trees, The city of",1
"1280","Palsy",1
"1281","Palti",1
"1282","Paltiel",1
"1283","Paltite",1
"1284","Pamphylia",1
"1285","Pan",1
"1286","Pannag",1
"1287","Paper",1
"1288","Paphos",1
"1289","Parable",1
"1290","Paradise",1
"1291","Parah",1
"1292","Paran",1
"1293","Paran, Mount",1
"1294","Parbar",1
"1295","Parched ground",1
"1296","Parchment",1
"1297","Pardon",1
"1298","Parlour",1
"1299","Parmashta",1
"1300","Parmenas",1
"1301","Parshandatha",1
"1302","Parthians",1
"1303","Partridge",1
"1304","Paruah",1
"1305","Parvaim",1
"1306","Pasach",1
"1307","Pas-dammim",1
"1308","Pashur",1
"1309","Passage",1
"1310","Passion",1
"1311","Passover",1
"1312","Patara",1
"1313","Pathros",1
"1314","Patmos",1
"1315","Patriarch",1
"1316","Patrobas",1
"1317","Pau",1
"1318","Paul",1
"1319","Pavement",1
"1320","Pavilion",1
"1321","Peace offerings",1
"1322","Peacock",1
"1323","Pearl",1
"1324","Peculiar",1
"1325","Pedahel",1
"1326","Pedahzur",1
"1327","Pedaiah",1
"1328","Pekah",1
"1329","Pekahiah",1
"1330","Pekod",1
"1331","Pelaiah",1
"1332","Pelatiah",1
"1333","Peleg",1
"1334","Pelet",1
"1335","Peleth",1
"1336","Pelethites",1
"1337","Pelicans",1
"1338","Penny",1
"1339","Pentateuch",1
"1340","Pentecost",1
"1341","Penuel",1
"1342","Peor",1
"1343","Perazim, Mount",1
"1344","Peres",1
"1345","Perez",1
"1346","Perez-uzzah",1
"1347","Perfection",1
"1348","Perfumes",1
"1349","Perga",1
"1350","Pergamos",1
"1351","Perida",1
"1352","Perizzites",1
"1353","Persecution",1
"1354","Perseverance of the saints",1
"1355","Persia",1
"1356","Persis",1
"1357","Peruda",1
"1358","Peter",1
"1359","Peter, First Epistle of",1
"1360","Peter, Second Epistle of",1
"1361","Pethahiah",1
"1362","Pethor",1
"1363","Pethuel",1
"1364","Petra",1
"1365","Peulthai",1
"1366","Phalec",1
"1367","Phallu",1
"1368","Phalti",1
"1369","Phanuel",1
"1370","Pharaoh",1
"1371","Pharez",1
"1372","Pharpar",1
"1373","Phebe",1
"1374","Phenice",1
"1375","Phenicia",1
"1376","Phicol",1
"1377","Philip",1
"1378","Philistia",1
"1379","Philistines",1
"1380","Phinehas",1
"1381","Phlegon",1
"1382","Phoenicia",1
"1383","Phrygia",1
"1384","Phut",1
"1385","Phygellus",1
"1386","Physician",1
"1387","Pieces",1
"1388","Piety",1
"1389","Pigeon",1
"1390","Pilate, Pontius",1
"1391","Pillar",1
"1392","Pine tree",1
"1393","Pinnacle",1
"1394","Pipe",1
"1395","Piram",1
"1396","Pirathon",1
"1397","Pirathonite",1
"1398","Pisgah",1
"1399","Pisidia",1
"1400","Pison",1
"1401","Pit",1
"1402","Pitch",1
"1403","Pitcher",1
"1404","Plain",1
"1405","Plain of Mamre",1
"1406","Plane tree",1
"1407","Pledge",1
"1408","Pleiades",1
"1409","Plough",1
"1410","Poetry",1
"1411","Poison",1
"1412","Pomegranate",1
"1413","Pommels",1
"1414","Pontius Pilate",1
"1415","Pontus",1
"1416","Pool",1
"1417","Poor",1
"1418","Poplar",1
"1419","Porter",1
"1420","Post",1
"1421","Potiphar",1
"1422","Pottage",1
"1423","Pottery",1
"1424","Pound",1
"1425","Praetorium",1
"1426","Prayer",1
"1427","Priest",1
"1428","Prince",1
"1429","Priscilla",1
"1430","Prison",1
"1431","Prophecy",1
"1432","Prophet",1
"1433","Proselyte",1
"1434","Proverb",1
"1435","Providence",1
"1436","Psalms",1
"1437","Psaltery",1
"1438","Ptolemais",1
"1439","Puah",1
"1440","Pulpit",1
"1441","Purse",1
"1442","Quail",1
"1443","Queen",1
"1444","Quiver",1
"1445","Raca",1
"1446","Rachab",1
"1447","Rachal",1
"1448","Rachel",1
"1449","Raguel",1
"1450","Rahab",1
"1451","Raham",1
"1452","Rain",1
"1453","Rainbow",1
"1454","Rakkon",1
"1455","Ram",1
"1456","Rama",1
"1457","Ramoth",1
"1458","Ransom",1
"1459","Rapha",1
"1460","Raven",1
"1461","Rebekah",1
"1462","Rechab",1
"1463","Reconcilation",1
"1464","Redeemer",1
"1465","Reed",1
"1466","Refiner",1
"1467","Rehob",1
"1468","Rehoboam",1
"1469","Rehoboth",1
"1470","Rehum",1
"1471","Rei",1
"1472","Reins",1
"1473","Rekem",1
"1474","Remaliah",1
"1475","Remeth",1
"1476","Remphan",1
"1477","Rent",1
"1478","Rephael",1
"1479","Rest",1
"1480","Reuben",1
"1481","Reuel",1
"1482","Revelation",1
"1483","Rezin",1
"1484","Rezon",1
"1485","Rhesa",1
"1486","Rhoda",1
"1487","Rhodes",1
"1488","Riblah",1
"1489","Riddle",1
"1490","Righteousness",1
"1491","Rimmon",1
"1492","Ring",1
"1493","Riphath",1
"1494","Rissah",1
"1495","Rithmah",1
"1496","River",1
"1497","Road",1
"1498","Robbery",1
"1499","Rock",1
"1500","Roe",1
"1501","Roll",1
"1502","Rome",1
"1503","Rose",1
"1504","Rosh",1
"1505","Rosin",1
"1506","Ruby",1
"1507","Rue",1
"1508","Rufus",1
"1509","Ruhamah",1
"1510","Rumah",1
"1511","Rush",1
"1512","Ruth",1
"1513","Rye",1
"1514","Sachar",1
"1515","Sadoc",1
"1516","Saffron",1
"1517","Salem",1
"1518","Salim",1
"1519","Sallu",1
"1520","Salmon",1
"1521","Salmone",1
"1522","Salome",1
"1523","Salt",1
"1524","Salutation",1
"1525","Salvation",1
"1526","Samos",1
"1527","Samson",1
"1528","Samuel",1
"1529","Sansannah",1
"1530","Saphir",1
"1531","Sapphira",1
"1532","Sapphire",1
"1533","Sarah",1
"1534","Sarai",1
"1535","Sardis",1
"1536","Sargon",1
"1537","Saul",1
"1538","Scarlet",1
"1539","Sceva",1
"1540","Seah",1
"1541","Seal",1
"1542","Sea",1
"1543","Seba",1
"1544","Sebat",1
"1545","Seer",1
"1546","Seir",1
"1547","Seirath",1
"1548","Sela",1
"1549","Selah",1
"1550","Seleucia",1
"1551","Senaah",1
"1552","Sephar",1
"1553","Serah",1
"1554","Seraiah",1
"1555","Sered",1
"1556","Sergeant",1
"1557","Sergius",1
"1558","Seth",1
"1559","Shadow",1
"1560","Shadrach",1
"1561","Shalem",1
"1562","Shalman",1
"1563","Shamir",1
"1564","Shaphat",1
"1565","Shapher",1
"1566","Sharon",1
"1567","Sheba",1
"1568","Shebna",1
"1569","Shechem",1
"1570","Shekel",1
"1571","Shelah",1
"1572","Shem",1
"1573","Shema",1
"1574","Shemaah",1
"1575","Shemuel",1
"1576","Shen",1
"1577","Sheol",1
"1578","Shepherd",1
"1579","Sheth",1
"1580","Shethar",1
"1581","Sheva",1
"1582","Shibboleth",1
"1583","Shibmah",1
"1584","Shield",1
"1585","Shihon",1
"1586","Shihor",1
"1587","Shiloah",1
"1588","Shiloh",1
"1589","Shiphmite",1
"1590","Shocho",1
"1591","Shomer",1
"1592","Shophan",1
"1593","Shua",1
"1594","Shuah",1
"1595","Shunem",1
"1596","Shur",1
"1597","Shushan",1
"1598","Sichem",1
"1599","Sidon",1
"1600","Signet",1
"1601","Sihon",1
"1602","Sihor",1
"1603","Silas",1
"1604","Silk",1
"1605","Silla",1
"1606","Siloah",1
"1607","Siloam",1
"1608","Silver",1
"1609","Simeon",1
"1610","Sinai",1
"1611","Sion",1
"1612","Sirah",1
"1613","Sisera",1
"1614","Sitnah",1
"1615","Sivan",1
"1616","Sling",1
"1617","Smith",1
"1618","Smyrna",1
"1619","Snow",1
"1620","Soap",1
"1621","Solomon",1
"1622","Song",1
"1623","Sopater",1
"1624","Sorek",1
"1625","South",1
"1626","Spain",1
"1627","Sparrow",1
"1628","Spicery",1
"1629","Spice",1
"1630","Spirit",1
"1631","Spouse",1
"1632","Spring",1
"1633","Stargazer",1
"1634","Star",1
"1635","Stars",1
"1636","Stater",1
"1637","Steel",1
"1638","Stephanas",1
"1639","Stephen",1
"1640","Stone",1
"1641","Stork",1
"1642","Stranger",1
"1643","Straw",1
"1644","Stream",1
"1645","Street",1
"1646","Stripes",1
"1647","Succoth",1
"1648","Sun",1
"1649","Suph",1
"1650","Suphah",1
"1651","Supper",1
"1652","Surety",1
"1653","Susanna",1
"1654","Susi",1
"1655","Swallow",1
"1656","Swan",1
"1657","Sword",1
"1658","Sycamore",1
"1659","Sychar",1
"1660","Sychem",1
"1661","Syene",1
"1662","Syracuse",1
"1663","Syria",1
"1664","Syriac",1
"1665","Taanach",1
"1666","Tabbath",1
"1667","Tabeal",1
"1668","Tabeel",1
"1669","Taberah",1
"1670","Tabitha",1
"1671","Tabor",1
"1672","Tabrimon",1
"1673","Taches",1
"1674","Tachmonite",1
"1675","Tackling",1
"1676","Tadmor",1
"1677","Tale",1
"1678","Talent",1
"1679","Talmai",1
"1680","Talmon",1
"1681","Tamar",1
"1682","Tamarisk",1
"1683","Tammuz",1
"1684","Tanhumeth",1
"1685","Tanis",1
"1686","Tappuah",1
"1687","Tarah",1
"1688","Tares",1
"1689","Target",1
"1690","Tarshish",1
"1691","Tarsus",1
"1692","Tartak",1
"1693","Tartan",1
"1694","Tebeth",1
"1695","Tekel",1
"1696","Tekoa",1
"1697","Telem",1
"1698","Tema",1
"1699","Teman",1
"1700","Temeni",1
"1701","Temple",1
"1702","Tent",1
"1703","Terah",1
"1704","Teraphim",1
"1705","Terebinth",1
"1706","Teresh",1
"1707","Tertius",1
"1708","Tertullus",1
"1709","Testament",1
"1710","Testimony",1
"1711","Thaddaeus",1
"1712","Tharshish",1
"1713","Theophilus",1
"1714","Thessalonica",1
"1715","Theudas",1
"1716","Thistle",1
"1717","Thomas",1
"1718","Thorn",1
"1719","Thunder",1
"1720","Tiberius",1
"1721","Timaeus",1
"1722","Timbrel",1
"1723","Timnah",1
"1724","Timnath",1
"1725","Timon",1
"1726","Timotheus",1
"1727","Timothy",1
"1728","Tin",1
"1729","Tiras",1
"1730","Tirza",1
"1731","Tithe",1
"1732","Titus",1
"1733","Tobiah",1
"1734","Tob, Toby",1
"1735","Tochen",1
"1736","Togarmah",1
"1737","Tohu",1
"1738","Toi",1
"1739","Tola",1
"1740","Tolad",1
"1741","Topaz",1
"1742","Tow",1
"1743","Tradition",1
"1744","Trance",1
"1745","Tree",1
"1746","Tribe",1
"1747","Tribute",1
"1748","Trinity",1
"1749","Troas",1
"1750","Trumpets",1
"1751","Truth",1
"1752","Turtle",1
"1753","Type",1
"1754","Tyre",1
"1755","Ummah",1
"1756","Unicorn",1
"1757","Unni",1
"1758","Uphaz",1
"1759","Ur",1
"1760","Uriah",1
"1761","Uriel",1
"1762","Urijah",1
"1763","Urim",1
"1764","Uz",1
"1765","Uzza",1
"1766","Uzzi",1
"1767","Uzziah",1
"1768","Vagabond",1
"1769","Valley",1
"1770","Vashti",1
"1771","Veil, vail",1
"1772","Vine",1
"1773","Vision",1
"1774","Vow",1
"1775","Wagon",1
"1776","Wall",1
"1777","War",1
"1778","Ward",1
"1779","Watch",1
"1780","Wax",1
"1781","Weaver",1
"1782","Well",1
"1783","Whale",1
"1784","Wheat",1
"1785","White",1
"1786","Willow",1
"1787","Window",1
"1788","Wind",1
"1789","Wine",1
"1790","Winnow",1
"1791","Wise",1
"1792","Witness",1
"1793","Wizard",1
"1794","Wolf",1
"1795","Woody",1
"1796","Wool",1
"1797","Yarn",1
"1798","Year",1
"1799","Yeshebi",1
"1800","Yoke",1
"1801","Zaavan",1
"1802","Zabad",1
"1803","Zabbai",1
"1804","Zabbud",1
"1805","Zabdi",1
"1806","Zabud",1
"1807","Zabulon",1
"1808","Zaccai",1
"1809","Zacchaeus",1
"1810","Zaccur",1
"1811","Zachariah",1
"1812","Zacharias",1
"1813","Zadok",1
"1814","Zair",1
"1815","Zalmon",1
"1816","Zanoah",1
"1817","Zarephath",1
"1818","Zarthan",1
"1819","Zattu",1
"1820","Zaza",1
"1821","Zeal",1
"1822","Zebah",1
"1823","Zebaim",1
"1824","Zebedee",1
"1825","Zeboim",1
"1826","Zebudah",1
"1827","Zebul",1
"1828","Zebulun",1
"1829","Zechariah",1
"1830","Zedad",1
"1831","Zedekiah",1
"1832","Zeeb",1
"1833","Zelah",1
"1834","Zelek",1
"1835","Zemira",1
"1836","Zenas",1
"1837","Zephaniah",1
"1838","Zephath",1
"1839","Zered",1
"1840","Zereda",1
"1841","Zeruah",1
"1842","Zetham",1
"1843","Zethan",1
"1844","Zia",1
"1845","Zidon",1
"1846","Zif",1
"1847","Zillah",1
"1848","Zilpah",1
"1849","Zin",1
"1850","Zina",1
"1851","Zion",1
"1852","Zior",1
"1853","Ziph",1
"1854","Ziphron",1
"1855","Zippor",1
"1856","Zipporah",1
"1857","Ziz",1
"1858","Zoar",1
"1859","Zohar",1
"1860","Zophar",1
"1861","Zorah",1
